{"codes": [{"code": 1673, "sim": 1.0}, {"code": 5724, "sim": 0.31622776601683794}, {"code": 7456, "sim": 0.2672612419124244}, {"code": 8053, "sim": 0.11867816581938533}]}